<?xml version="1.0" encoding="UTF-8"?>
<project-private xmlns="http://www.netbeans.org/ns/project-private/1">
    <editor-bookmarks xmlns="http://www.netbeans.org/ns/editor-bookmarks/2" lastBookmarkId="0"/>
    <open-files xmlns="http://www.netbeans.org/ns/projectui-open-files/2">
        <group>
            <file>file:/C:/Users/ADMIN/OneDrive/Máy%20tính/Code%20THLTM/TH7_RMI/src/RMI_Client/InterfaceCalc.java</file>
            <file>file:/C:/Users/ADMIN/OneDrive/Máy%20tính/Code%20THLTM/TH7_RMI/src/RMI_Server/Serverrmi.java</file>
            <file>file:/C:/Users/ADMIN/OneDrive/Máy%20tính/Code%20THLTM/TH7_RMI/src/RMI_Client/PhanSo.java</file>
            <file>file:/C:/Users/ADMIN/OneDrive/Máy%20tính/Code%20THLTM/TH7_RMI/src/RMI_Server/Calc.java</file>
            <file>file:/C:/Users/ADMIN/OneDrive/Máy%20tính/Code%20THLTM/TH7_RMI/src/RMI_Server/frmRMIServer.java</file>
        </group>
    </open-files>
</project-private>
